calasanzPFE,information_schema,attributes,calasanzPFE,information_schema,_pg_char_max_length_13024
calasanzPFE,information_schema,attributes,calasanzPFE,information_schema,_pg_char_octet_length_13025
calasanzPFE,information_schema,attributes,calasanzPFE,information_schema,_pg_datetime_precision_13029
calasanzPFE,information_schema,attributes,calasanzPFE,information_schema,_pg_interval_type_13030
calasanzPFE,information_schema,attributes,calasanzPFE,information_schema,_pg_numeric_precision_13026
calasanzPFE,information_schema,attributes,calasanzPFE,information_schema,_pg_numeric_precision_radix_13027
calasanzPFE,information_schema,attributes,calasanzPFE,information_schema,_pg_numeric_scale_13028
calasanzPFE,information_schema,attributes,calasanzPFE,information_schema,_pg_truetypid_13022
calasanzPFE,information_schema,attributes,calasanzPFE,information_schema,_pg_truetypmod_13023
calasanzPFE,information_schema,columns,calasanzPFE,information_schema,_pg_char_max_length_13024
calasanzPFE,information_schema,columns,calasanzPFE,information_schema,_pg_char_octet_length_13025
calasanzPFE,information_schema,columns,calasanzPFE,information_schema,_pg_datetime_precision_13029
calasanzPFE,information_schema,columns,calasanzPFE,information_schema,_pg_interval_type_13030
calasanzPFE,information_schema,columns,calasanzPFE,information_schema,_pg_numeric_precision_13026
calasanzPFE,information_schema,columns,calasanzPFE,information_schema,_pg_numeric_precision_radix_13027
calasanzPFE,information_schema,columns,calasanzPFE,information_schema,_pg_numeric_scale_13028
calasanzPFE,information_schema,columns,calasanzPFE,information_schema,_pg_truetypid_13022
calasanzPFE,information_schema,columns,calasanzPFE,information_schema,_pg_truetypmod_13023
calasanzPFE,information_schema,domains,calasanzPFE,information_schema,_pg_char_max_length_13024
calasanzPFE,information_schema,domains,calasanzPFE,information_schema,_pg_char_octet_length_13025
calasanzPFE,information_schema,domains,calasanzPFE,information_schema,_pg_datetime_precision_13029
calasanzPFE,information_schema,domains,calasanzPFE,information_schema,_pg_interval_type_13030
calasanzPFE,information_schema,domains,calasanzPFE,information_schema,_pg_numeric_precision_13026
calasanzPFE,information_schema,domains,calasanzPFE,information_schema,_pg_numeric_precision_radix_13027
calasanzPFE,information_schema,domains,calasanzPFE,information_schema,_pg_numeric_scale_13028
calasanzPFE,information_schema,element_types,calasanzPFE,information_schema,_pg_expandarray_13019
calasanzPFE,information_schema,key_column_usage,calasanzPFE,information_schema,_pg_expandarray_13019
calasanzPFE,information_schema,key_column_usage,calasanzPFE,information_schema,_pg_index_position_13021
calasanzPFE,information_schema,parameters,calasanzPFE,information_schema,_pg_expandarray_13019
calasanzPFE,information_schema,sequences,calasanzPFE,information_schema,_pg_numeric_precision_13026
calasanzPFE,information_schema,triggered_update_columns,calasanzPFE,information_schema,_pg_expandarray_13019
