24848,24845,1,{FUNCEXPR :funcid 480 :funcresulttype 23 :funcretset false :funcvariadic false :funcformat 2 :funccollid 0 :inputcollid 0 :args ({FUNCEXPR :funcid 1574 :funcresulttype 20 :funcretset false :funcvariadic false :funcformat 0 :funccollid 0 :inputcollid 0 :args ({CONST :consttype 2205 :consttypmod -1 :constcollid 0 :constlen 4 :constbyval true :constisnull false :location -1 :constvalue 4 [ 11 97 0 0 0 0 0 0 ]}) :location -1}) :location -1}
24859,24856,1,{FUNCEXPR :funcid 480 :funcresulttype 23 :funcretset false :funcvariadic false :funcformat 2 :funccollid 0 :inputcollid 0 :args ({FUNCEXPR :funcid 1574 :funcresulttype 20 :funcretset false :funcvariadic false :funcformat 0 :funccollid 0 :inputcollid 0 :args ({CONST :consttype 2205 :consttypmod -1 :constcollid 0 :constlen 4 :constbyval true :constisnull false :location -1 :constvalue 4 [ 22 97 0 0 0 0 0 0 ]}) :location -1}) :location -1}
24869,24866,1,{FUNCEXPR :funcid 480 :funcresulttype 23 :funcretset false :funcvariadic false :funcformat 2 :funccollid 0 :inputcollid 0 :args ({FUNCEXPR :funcid 1574 :funcresulttype 20 :funcretset false :funcvariadic false :funcformat 0 :funccollid 0 :inputcollid 0 :args ({CONST :consttype 2205 :consttypmod -1 :constcollid 0 :constlen 4 :constbyval true :constisnull false :location -1 :constvalue 4 [ 32 97 0 0 0 0 0 0 ]}) :location -1}) :location -1}
24877,24874,1,{FUNCEXPR :funcid 480 :funcresulttype 23 :funcretset false :funcvariadic false :funcformat 2 :funccollid 0 :inputcollid 0 :args ({FUNCEXPR :funcid 1574 :funcresulttype 20 :funcretset false :funcvariadic false :funcformat 0 :funccollid 0 :inputcollid 0 :args ({CONST :consttype 2205 :consttypmod -1 :constcollid 0 :constlen 4 :constbyval true :constisnull false :location -1 :constvalue 4 [ 40 97 0 0 0 0 0 0 ]}) :location -1}) :location -1}
24887,24884,1,{FUNCEXPR :funcid 480 :funcresulttype 23 :funcretset false :funcvariadic false :funcformat 2 :funccollid 0 :inputcollid 0 :args ({FUNCEXPR :funcid 1574 :funcresulttype 20 :funcretset false :funcvariadic false :funcformat 0 :funccollid 0 :inputcollid 0 :args ({CONST :consttype 2205 :consttypmod -1 :constcollid 0 :constlen 4 :constbyval true :constisnull false :location -1 :constvalue 4 [ 50 97 0 0 0 0 0 0 ]}) :location -1}) :location -1}
24895,24892,1,{FUNCEXPR :funcid 480 :funcresulttype 23 :funcretset false :funcvariadic false :funcformat 2 :funccollid 0 :inputcollid 0 :args ({FUNCEXPR :funcid 1574 :funcresulttype 20 :funcretset false :funcvariadic false :funcformat 0 :funccollid 0 :inputcollid 0 :args ({CONST :consttype 2205 :consttypmod -1 :constcollid 0 :constlen 4 :constbyval true :constisnull false :location -1 :constvalue 4 [ 58 97 0 0 0 0 0 0 ]}) :location -1}) :location -1}
24905,24902,1,{FUNCEXPR :funcid 480 :funcresulttype 23 :funcretset false :funcvariadic false :funcformat 2 :funccollid 0 :inputcollid 0 :args ({FUNCEXPR :funcid 1574 :funcresulttype 20 :funcretset false :funcvariadic false :funcformat 0 :funccollid 0 :inputcollid 0 :args ({CONST :consttype 2205 :consttypmod -1 :constcollid 0 :constlen 4 :constbyval true :constisnull false :location -1 :constvalue 4 [ 68 97 0 0 0 0 0 0 ]}) :location -1}) :location -1}
24913,24910,1,{FUNCEXPR :funcid 480 :funcresulttype 23 :funcretset false :funcvariadic false :funcformat 2 :funccollid 0 :inputcollid 0 :args ({FUNCEXPR :funcid 1574 :funcresulttype 20 :funcretset false :funcvariadic false :funcformat 0 :funccollid 0 :inputcollid 0 :args ({CONST :consttype 2205 :consttypmod -1 :constcollid 0 :constlen 4 :constbyval true :constisnull false :location -1 :constvalue 4 [ 76 97 0 0 0 0 0 0 ]}) :location -1}) :location -1}
24973,24970,1,{FUNCEXPR :funcid 480 :funcresulttype 23 :funcretset false :funcvariadic false :funcformat 2 :funccollid 0 :inputcollid 0 :args ({FUNCEXPR :funcid 1574 :funcresulttype 20 :funcretset false :funcvariadic false :funcformat 0 :funccollid 0 :inputcollid 0 :args ({CONST :consttype 2205 :consttypmod -1 :constcollid 0 :constlen 4 :constbyval true :constisnull false :location -1 :constvalue 4 [ -120 97 0 0 0 0 0 0 ]}) :location -1}) :location -1}
24997,24994,1,{FUNCEXPR :funcid 480 :funcresulttype 23 :funcretset false :funcvariadic false :funcformat 2 :funccollid 0 :inputcollid 0 :args ({FUNCEXPR :funcid 1574 :funcresulttype 20 :funcretset false :funcvariadic false :funcformat 0 :funccollid 0 :inputcollid 0 :args ({CONST :consttype 2205 :consttypmod -1 :constcollid 0 :constlen 4 :constbyval true :constisnull false :location -1 :constvalue 4 [ -96 97 0 0 0 0 0 0 ]}) :location -1}) :location -1}
25008,25005,1,{FUNCEXPR :funcid 480 :funcresulttype 23 :funcretset false :funcvariadic false :funcformat 2 :funccollid 0 :inputcollid 0 :args ({FUNCEXPR :funcid 1574 :funcresulttype 20 :funcretset false :funcvariadic false :funcformat 0 :funccollid 0 :inputcollid 0 :args ({CONST :consttype 2205 :consttypmod -1 :constcollid 0 :constlen 4 :constbyval true :constisnull false :location -1 :constvalue 4 [ -85 97 0 0 0 0 0 0 ]}) :location -1}) :location -1}
25016,25013,1,{FUNCEXPR :funcid 480 :funcresulttype 23 :funcretset false :funcvariadic false :funcformat 2 :funccollid 0 :inputcollid 0 :args ({FUNCEXPR :funcid 1574 :funcresulttype 20 :funcretset false :funcvariadic false :funcformat 0 :funccollid 0 :inputcollid 0 :args ({CONST :consttype 2205 :consttypmod -1 :constcollid 0 :constlen 4 :constbyval true :constisnull false :location -1 :constvalue 4 [ -77 97 0 0 0 0 0 0 ]}) :location -1}) :location -1}
25024,25021,1,{FUNCEXPR :funcid 480 :funcresulttype 23 :funcretset false :funcvariadic false :funcformat 2 :funccollid 0 :inputcollid 0 :args ({FUNCEXPR :funcid 1574 :funcresulttype 20 :funcretset false :funcvariadic false :funcformat 0 :funccollid 0 :inputcollid 0 :args ({CONST :consttype 2205 :consttypmod -1 :constcollid 0 :constlen 4 :constbyval true :constisnull false :location -1 :constvalue 4 [ -69 97 0 0 0 0 0 0 ]}) :location -1}) :location -1}
25032,25029,1,{FUNCEXPR :funcid 480 :funcresulttype 23 :funcretset false :funcvariadic false :funcformat 2 :funccollid 0 :inputcollid 0 :args ({FUNCEXPR :funcid 1574 :funcresulttype 20 :funcretset false :funcvariadic false :funcformat 0 :funccollid 0 :inputcollid 0 :args ({CONST :consttype 2205 :consttypmod -1 :constcollid 0 :constlen 4 :constbyval true :constisnull false :location -1 :constvalue 4 [ -61 97 0 0 0 0 0 0 ]}) :location -1}) :location -1}
